global_signal	global_signal_derivative1	global_signal_power2	global_signal_derivative1_power2	csf	csf_derivative1	csf_derivative1_power2	csf_power2	white_matter	white_matter_derivative1	white_matter_derivative1_power2	white_matter_power2	csf_wm	tcompcor	std_dvars	dvars	framewise_displacement	rmsd	t_comp_cor_00	c_comp_cor_00	c_comp_cor_01	c_comp_cor_02	w_comp_cor_00	w_comp_cor_01	w_comp_cor_02	w_comp_cor_03	w_comp_cor_04	w_comp_cor_05	w_comp_cor_06	w_comp_cor_07	w_comp_cor_08	w_comp_cor_09	a_comp_cor_00	a_comp_cor_01	a_comp_cor_02	a_comp_cor_03	a_comp_cor_04	a_comp_cor_05	a_comp_cor_06	a_comp_cor_07	trans_x	trans_x_derivative1	trans_x_power2	trans_x_derivative1_power2	trans_y	trans_y_derivative1	trans_y_derivative1_power2	trans_y_power2	trans_z	trans_z_derivative1	trans_z_derivative1_power2	trans_z_power2	rot_x	rot_x_derivative1	rot_x_power2	rot_x_derivative1_power2	rot_y	rot_y_derivative1	rot_y_power2	rot_y_derivative1_power2	rot_z	rot_z_derivative1	rot_z_power2	rot_z_derivative1_power2	motion_outlier00	motion_outlier01	motion_outlier02	motion_outlier03	motion_outlier04	motion_outlier05	motion_outlier06	motion_outlier07	motion_outlier08	motion_outlier09	motion_outlier10	motion_outlier11	motion_outlier12	motion_outlier13	motion_outlier14	motion_outlier15	aroma_motion_02	aroma_motion_03	aroma_motion_05	aroma_motion_06	aroma_motion_07	aroma_motion_08	aroma_motion_09
658.2726435226461	n/a	433322.8732102928	n/a	1267.2343201778913	n/a	n/a	1605882.8222367223	641.356969538033	n/a	n/a	411338.7623750094	782.0044713433098	323.381840854925	n/a	n/a	n/a	n/a	-0.2230253258	-0.8871122807	-0.0079301917	0.1994350423	-0.3728916778	0.0955353265	-0.2316184035	0.0264762344	-0.0101268804	0.2420099602	-0.1875935464	0.0862025658	0.015710334	-0.1061877387	-0.753373853	0.353669755	-0.194470381	0.1930011014	-0.1331504915	0.0088935142	-0.0245165788	0.2009990794	0.0122491	n/a	0.00015004045081	n/a	-0.100835	n/a	n/a	0.010167697225	-0.029532	n/a	n/a	0.000872139024	-0.000228474	n/a	5.2200368676e-08	n/a	8.537239999999998e-05	n/a	7.288446681759997e-09	n/a	0.0	n/a	0.0	n/a	0.0	0.0	0.0	0.0	0.0	0.0	0.0	0.0	0.0	0.0	0.0	0.0	0.0	0.0	0.0	0.0	-1.182378656	1.015177441	0.8535343028	1.635752957	1.878512391	0.8965834628	2.145096802
657.3669060796082	-0.9057374430379924	432131.2492086764	0.8203603157210003	1245.6768325132664	-21.557487664624887	464.7252744104542	1551710.7710602842	640.8144346262845	-0.5425349117484757	0.2943441304659263	410643.1396254047	776.8968763314131	321.5857811924189	0.466771	20.444386	0.01072297	0.00713748	-0.2218420589	-0.0872595734	-0.1768761499	0.3285369902	-0.3854111581	0.0625423614	0.0944495496	0.1532874781	0.1337008503	0.208186852	0.4316780502	-0.3345765195	-0.2517089966	0.1716971024	-0.0740696251	0.3308754691	0.1430776946	-0.0685407978	-0.0060548095	0.2496816123	0.2833211577	-0.0165393905	0.0130712	0.0008220999999999	0.00017085626944	6.758484099999987e-07	-0.100838	-3.0000000000030003e-06	9.000000000018002e-12	0.010168302244	-0.0233753	0.0061566999999999	3.790495488999997e-05	0.00054640465009	-0.000252053	-2.3579000000000023e-05	6.353071480900001e-08	5.559692410000011e-10	3.4128e-05	-5.124439999999998e-05	1.164720384e-09	2.625988531359998e-09	0.0	0.0	0.0	0.0	0.0	0.0	0.0	0.0	0.0	0.0	0.0	0.0	0.0	0.0	0.0	0.0	0.0	0.0	0.0	0.0	-0.03315898635	-0.4337445191	1.33010624	-0.8499785653	0.4842831177	0.06677835136	-0.3213374066
654.0504975601846	-3.316408519423589	427782.053358725	10.998565467705363	1240.814012647827	-4.8628198654394055	23.64701704371212	1539619.4139832018	639.6261939815929	-1.188240644691632	1.4119158296971854	409121.6680273783	771.110443354501	296.32391942055443	3.897571	170.711884	0.17961296	0.0969673	0.1612737437	0.0014011517	0.1455760207	0.2653934444	0.0615898924	-0.4403454355	0.0087188547	-0.0341980682	-0.0264790667	-0.2761536066	-0.2321349454	-0.1654969144	-0.0722134762	0.1543255939	0.2034263737	0.2413049498	-0.2265920007	0.1065619739	0.0125637582	-0.3612031743	0.1815568828	-0.0800854051	0.0191035	0.0060322999999999	0.00036494371225	3.638864328999999e-05	-0.172099	-0.071261	0.005078130121	0.029618065801	-0.00474414	0.01863116	0.0003471201229456	2.25068643396e-05	0.000956491	0.001208544	9.14875033081e-07	1.460578599936e-06	0.000283233	0.0002491049999999	8.022093228899998e-08	6.205330102499998e-08	0.000216121	0.000216121	4.6708286641e-08	4.6708286641e-08	1.0	0.0	0.0	0.0	0.0	0.0	0.0	0.0	0.0	0.0	0.0	0.0	0.0	0.0	0.0	0.0	0.8113411344	0.08302175694	0.9511482136	-0.01631252476	-0.8789597991	1.439855766	-0.2158895829
656.8728411806768	2.8223436204922336	431481.9294807746	7.9656235121332095	1247.0837504122624	6.269737764435376	39.30961163478711	1555217.880542314	639.808122308784	0.1819283271911445	0.0330979162345681	409354.433372292	777.4173263102293	388.52281157821056	4.026545	176.360901	0.27394484	0.198011	-0.2059228176	-0.1424031279	0.1466120525	-0.1499888376	0.3141498474	0.1145107444	-0.2388106319	-0.4651775366	0.0317267303	0.0699969015	-0.0893356458	-0.0531090935	-0.1518967925	-0.1872082987	-0.174369583	-0.128760572	-0.129834109	-0.3158742207	-0.3588574037	-0.3629276845	-0.0671034865	0.0927035597	-0.00024294	-0.01934644	5.90198436e-08	0.0003742847406736	0.0134553	0.1855543	0.03443039824849	0.00018104509809	-0.00873394	-0.0039898	1.5918504040000007e-05	7.628170792360001e-05	-0.000225415	-0.001181906	5.0811922225e-08	1.3969017928359998e-06	0.000287178	3.945000000000044e-06	8.247120368400002e-08	1.556302500000035e-11	0.000100886	-0.000115235	1.0177984996e-08	1.3279105225e-08	0.0	1.0	0.0	0.0	0.0	0.0	0.0	0.0	0.0	0.0	0.0	0.0	0.0	0.0	0.0	0.0	-0.3022107726	1.350993124	0.8921512705	1.443856517	-0.7093350466	0.9287779387	-1.718890249
658.006412202899	1.1335710222222133	432972.4385001314	1.2849832624219135	1241.7103661995038	-5.373384212758538	28.873257897922688	1541844.633527306	641.3959325844256	1.5878102756415728	2.5211414714329674	411388.7423358451	772.3929093477633	442.3637212146468	3.560439	155.945679	0.203073477	0.167661	0.0969179883	-0.0330850729	-0.101085268	0.0102621248	-0.3468000654	0.205718242	0.1656077246	-0.0016419976	0.2072314527	-0.4067520679	-0.3896698418	0.1503909003	-0.3758763292	-0.0708380727	-0.0566851197	0.066259383	0.0752872909	0.1598484069	0.4732402936	-0.002209675	0.0705937554	0.2735708142	0.00672949	0.00697243	4.52860356601e-05	4.86147801049e-05	-0.152249	-0.1657043	0.02745791503849	0.0231797580009999	0.000399507	0.009133447	8.341985410180902e-05	1.59605843049e-07	0.00018216	0.000407575	3.3182265600000004e-08	1.6611738062499997e-07	0.000296344	9.16599999999996e-06	8.781976633599998e-08	8.401555599999924e-11	0.000109411	8.525000000000004e-06	1.1970766921e-08	7.267562500000007e-11	0.0	0.0	1.0	0.0	0.0	0.0	0.0	0.0	0.0	0.0	0.0	0.0	0.0	0.0	0.0	0.0	-0.4151150676	-0.4745916428	-1.317983528	0.1952243961	1.296287818	-1.343364187	-0.3787718672
654.8952172924153	-3.111194910483732	428887.74563247984	9.679533771019878	1240.38227359963	-1.3280925998737985	1.7638299538395454	1538548.1846601877	640.1551995329062	-1.2407330515194417	1.5394185051327456	409798.6794890149	771.5257072871223	347.149393633205	2.402805	105.241783	0.0565456949999999	0.0404486	0.1847717256	0.0263235711	0.1433590798	-0.1127904876	0.092328399	-0.2030031881	0.3830821215	0.2433537797	-0.0714894661	0.1223142212	-0.2023514625	-0.2400728177	0.2260899791	-0.2756344283	0.113751778	-0.1381877151	-0.0025325605	0.5128219626	-0.0410272431	-0.0986802134	-0.0668691081	0.2293267593	0.0163128	0.0095833099999999	0.00026610744384	9.183983055609996e-05	-0.153324	-0.0010749999999999	1.1556249999999842e-06	0.0235082489759999	0.000477492	7.798499999999998e-05	6.0816602249999975e-09	2.27998610064e-07	0.000909043	0.000726883	8.26359175849e-07	5.28358895689e-07	0.000407347	0.000111003	1.65931578409e-07	1.2321666009000008e-08	0.000187713	7.8302e-05	3.5236170369e-08	6.131203204e-09	0.0	0.0	0.0	1.0	0.0	0.0	0.0	0.0	0.0	0.0	0.0	0.0	0.0	0.0	0.0	0.0	-0.8935874687	0.2344455752	-0.5576201455	-0.1273319358	-2.01246808	-0.3304104539	1.03632791
655.4925995193694	0.597382226954096	429670.5480246604	0.3568655250806351	1241.3252401887685	0.9429665891384502	0.8891859882314028	1540888.3519297035	639.0968483066931	-1.0583512262130623	1.1201073180266932	408444.7815155483	771.9392488547794	473.3902417193764	2.715923	118.956238	0.225287458	0.151626	0.067947697	-0.0887477091	-0.1195605552	-0.4071114843	0.2201500853	0.364610608	0.2173880806	-0.0746428351	-0.1189037282	-0.1646798489	-0.1509565088	-0.17441111	-0.056384945	0.2744666836	-0.1838450769	-0.2693010019	0.1322411797	0.0023636086	0.1192082875	-0.3846091482	0.2959800543	-0.3429259435	-0.000208547	-0.016521347	4.349185120900001e-08	0.0002729549066944	-0.0109974	0.1423266	0.02025686106756	0.0001209428067599	0.000495128	1.7635999999999965e-05	3.1102849599999873e-10	2.45151736384e-07	6.47255e-05	-0.0008443175	4.1893903502499995e-09	7.1287204080625e-07	0.000189114	-0.000218233	3.5764104996e-08	4.7625642289000016e-08	0.0004536	0.000265887	2.0575296000000002e-07	7.069589676900003e-08	0.0	0.0	0.0	0.0	1.0	0.0	0.0	0.0	0.0	0.0	0.0	0.0	0.0	0.0	0.0	0.0	-0.05531056011	2.85196517	-1.440037828	-1.015837492	0.6775362261	0.2851105426	-0.7841669181
661.9837407812561	6.491141261886696	438222.47305874527	42.13491488176801	1241.1194606819256	-0.2057795068428731	0.042345205436496	1540377.515683394	639.9248602819235	0.8280119752304245	0.685603831124989	409503.8268068394	771.5008286820844	686.7366857644982	2.029147	88.875763	0.154827324	0.109481	0.1897558568	-0.0317647711	-0.3290877237	-0.2593214964	0.0037983523	0.1192244079	0.3399517578	0.1469386886	-0.0912830865	-0.0549315733	0.1730627373	-0.2667794513	-0.0299928309	0.0521255971	-0.0490483316	-0.1165496643	0.3834902276	0.1834610094	0.1150736426	0.043134832	0.1547453229	0.000417137	0.00440609	0.0046146369999999	1.94136290881e-05	2.1294874641769e-05	-0.117486	-0.1064885999999999	0.0113398219299599	0.0138029601959999	0.00929371	0.008798582	7.741504521072402e-05	8.63730455641e-05	-0.000119225	-0.0001839505	1.4214600625e-08	3.3837786450250004e-08	0.000276443	8.732900000000003e-05	7.642073224900001e-08	7.626354241000005e-09	2.63694e-05	-0.0004272306	6.953452563599998e-10	1.8252598557636e-07	0.0	0.0	0.0	0.0	0.0	1.0	0.0	0.0	0.0	0.0	0.0	0.0	0.0	0.0	0.0	0.0	-1.409088115	-0.4999244465	-1.683510059	-1.626918168	0.6969162957	0.2482267735	-0.5458749004
656.4145480320352	-5.569192749220861	430880.058868101	31.015907877974207	1239.0986149724583	-2.0208457094672667	4.083817381472261	1535365.3776266645	639.1527797408941	-0.7720805410294815	0.5961083618363769	408516.2758505119	770.7755042606626	495.96648983364827	1.934862	84.746094	0.19223198	0.113102	0.2624980559	0.050606115	0.2761185152	-0.0774357947	0.0028985116	-0.330249528	0.0632810461	0.2199559063	-0.4944861878	-0.0316361207	-0.0097354997	0.2316833848	-0.2047157814	0.0320887759	0.1702653702	-0.0207109713	-0.1799462674	0.414257048	-0.0140642962	-0.1943619042	-0.4291796851	-0.2662186921	0.0191296	0.01472351	0.00036594159616	0.0002167817467201	-0.209764	-0.092278	0.008515229284	0.044000935696	0.0201786	0.01088489	0.0001184808303121	0.00040717589796	0.00103254	0.001151765	1.0661388516e-06	1.3265626152249998e-06	0.000330528	5.4085e-05	1.0924875878400001e-07	2.9251872249999994e-09	0.000307431	0.0002810615999999	9.4513819761e-08	7.899562299455998e-08	0.0	0.0	0.0	0.0	0.0	0.0	1.0	0.0	0.0	0.0	0.0	0.0	0.0	0.0	0.0	0.0	-0.1553984243	0.1703387464	-0.1374849571	0.2630210763	-0.7504975908	0.1993117969	1.979447247
655.4929007551613	-0.921647276873955	429670.9429404157	0.8494337029691766	1242.0889550159611	2.990340043502784	8.942133575776229	1542784.9721726424	639.3406413350916	0.1878615941975567	0.0352919785744475	408756.45566276624	776.0651654276091	441.8548440027516	4.222798	184.956696	0.35452339	0.239441	-0.1885471302	0.0412874183	0.1625661796	-0.2552713075	0.2170210755	0.3308154627	-0.2467513148	0.1707776804	-0.171475337	0.2059122914	-0.0866655659	-0.2706153956	0.1639890662	-0.0444519028	-0.1171998435	-0.3109563536	0.060126443	-0.0526122135	-0.3379832353	0.2014675267	0.0221981958	-0.2918538754	0.00636226	-0.01276734	4.04783523076e-05	0.0001630049706756	0.0140729	0.2238369	0.05010295780161	0.0001980465144099	-0.0107524	-0.030931	0.000956726761	0.00011561410576	-0.000502566	-0.001535106	2.52572584356e-07	2.356550431236e-06	0.000407469	7.694099999999997e-05	1.66030985961e-07	5.919917480999995e-09	0.000179715	-0.000127716	3.2297481225e-08	1.6311376656e-08	0.0	0.0	0.0	0.0	0.0	0.0	0.0	1.0	0.0	0.0	0.0	0.0	0.0	0.0	0.0	0.0	-1.563993277	1.488140323	-0.8076688487	-0.8112294751	-1.582229722	-0.2202628279	-0.5812282295
658.3817738283055	2.888873073144282	433466.56010930607	8.345587632738088	1237.827841249951	-4.261113766010112	18.15709052688088	1532217.764573514	640.1441266205949	0.8034852855032568	0.6455886040202501	409784.5028468442	771.0736299780953	547.0060674833516	4.206238	184.231369	0.23344124	0.160705	0.2774045034	0.0775136773	0.0938494861	0.1544277219	-0.1949969276	-0.2258144594	-0.1006065028	-0.000555808	0.047182085	0.2685200077	-0.0867801829	0.1827978876	0.0889312189	0.3001911618	0.0866960825	0.2594825999	-0.1005832779	0.1474606385	-0.0886642122	0.2093019662	-0.181427876	-0.3517502871	0.00805715	0.00169489	6.491766612250002e-05	2.8726521121000032e-06	-0.138763	-0.1528359	0.02335881232881	0.019255170169	0.0118994	0.0226518	0.00051310404324	0.0001415957203599	0.000360123	0.000862689	1.29688575129e-07	7.442323107210001e-07	0.000182931	-0.0002245379999999	3.3463750761000003e-08	5.041731344399999e-08	0.000217661	3.794599999999999e-05	4.737631092099999e-08	1.439898915999999e-09	0.0	0.0	0.0	0.0	0.0	0.0	0.0	0.0	1.0	0.0	0.0	0.0	0.0	0.0	0.0	0.0	-0.6161869301	-0.5699491148	0.7227075464	0.6990013555	1.347039134	-0.2845048776	0.528339714
657.9610489303651	-0.4207248979404312	432912.7419095463	0.1770094397469862	1236.5794266267137	-1.248414623237295	1.5585390715127172	1529128.678356452	639.476350646048	-0.6677759745468848	0.4459247521820417	408930.0030355873	770.3080126550877	488.2137978371316	0.598726	26.223932	0.01641703	0.010281	0.2579024625	0.168229768	0.0336375986	0.3377930858	0.1255493709	-0.3080378717	0.0148036976	-0.2133160117	0.2862466396	-0.1685923476	0.0387092694	-0.3171595929	0.1253028632	0.019058079	0.2849385292	0.1681285551	-0.0402642942	-0.0763944178	-0.1763084171	-0.0351980839	0.2947963926	0.1768352458	0.00940138	0.00134423	8.838594590440002e-05	1.8069542929000005e-06	-0.138771	-8.000000000008e-06	6.400000000012802e-11	0.019257390441	0.0098002	-0.0020991999999999	4.406640639999996e-06	9.604392004e-05	0.000524771	0.000164648	2.753846024410001e-07	2.710896390400001e-08	0.000235873	5.2942e-05	5.5636072129e-08	2.8028553639999993e-09	0.000259383	4.172200000000003e-05	6.727954068900003e-08	1.7407252840000024e-09	0.0	0.0	0.0	0.0	0.0	0.0	0.0	0.0	0.0	0.0	0.0	0.0	0.0	0.0	0.0	0.0	0.8641587224	-1.227169439	0.7915067843	-0.7833927401	-0.1541670653	1.40649305	-0.9401577737
653.4948310332406	-4.466217897124466	427055.4941871637	19.947102304594885	1243.378866611573	6.799439984859191	46.232384107701954	1545991.0059362797	639.0506670819678	-0.4256835640801455	0.1812064967279753	408385.7550979081	775.3461737420153	322.1722218439592	4.376462	191.687103	0.13009942	0.0791545	-0.2213416715	0.0022570003	0.1951937623	-0.134083959	0.1346696783	0.0660710493	-0.3806533533	0.3348435182	0.1447137605	-0.2412628816	-0.0820386432	-0.0718605557	-0.1349952603	-0.1999185602	-0.0755589995	-0.2179982026	-0.3014928321	-0.1549166953	0.2712484551	0.1590644144	0.1622736077	-0.1069343234	0.00662701	-0.00277437	4.39172615401e-05	7.697128896900004e-06	-0.069506	0.069265	0.004797640225	0.004831084036	-0.010415	-0.0202152	0.00040865431104	0.000108472225	-0.000170899	-0.00069567	2.9206468201e-08	4.839567489e-07	0.00019683	-3.9043e-05	3.87420489e-08	1.5243558489999999e-09	0.000281567	2.218399999999996e-05	7.9279975489e-08	4.921298559999983e-10	0.0	0.0	0.0	0.0	0.0	0.0	0.0	0.0	0.0	1.0	0.0	0.0	0.0	0.0	0.0	0.0	0.4898204031	1.02491389	-0.7689306168	0.7536770455	0.2658729837	-1.701599641	-1.368660172
660.2990741578019	6.804243124561253	435994.8673336504	46.29772449813909	1237.980375783108	-5.398490828464901	29.143703225019653	1532595.4108240854	639.1208081237764	0.070141041808597	0.0049197657459953	408475.4073767891	770.2439371988959	575.3747183858501	4.359136	190.928238	0.06903369	0.0448828	0.2793487102	0.0737047381	0.2823748773	-0.0713835193	0.2347942033	0.0276254172	0.0364563783	0.4069837523	0.303805928	0.2883031141	-0.1006861338	0.1945254072	0.0766337777	-0.1126635732	0.0987091062	-0.1546223655	-0.1063114478	0.091600951	-0.3286040114	0.5245946181	-0.0118475427	0.0931284246	0.00669505	6.804000000000011e-05	4.4823694502500005e-05	4.6294416000000155e-09	-0.0881694999999999	-0.0186634999999999	0.0003483262322499	0.0077738607302499	0.0265265	0.0369415	0.00136467442225	0.00070365520225	-0.000357814	-0.000186915	1.2803085859600002e-07	3.493721722500001e-08	0.00016676	-3.0069999999999988e-05	2.78088976e-08	9.042048999999991e-10	0.000331795	5.022800000000004e-05	1.1008792202500001e-07	2.5228519840000035e-09	0.0	0.0	0.0	0.0	0.0	0.0	0.0	0.0	0.0	0.0	1.0	0.0	0.0	0.0	0.0	0.0	-1.593050902	-0.9553315962	-0.01211118192	0.3035714087	-0.646888095	-0.1864078975	-0.4722663162
654.3044993616404	-5.994574796161487	428114.37788488687	35.934926986774535	1234.1864345531214	-3.793941229986558	14.393990056591916	1523216.1552349464	639.5103630046837	0.3895548809072124	0.1517530052386325	408973.5043903823	769.7063679561934	392.6525878031941	1.138852	49.881218	0.18364832	0.113174	0.2155871753	0.2664425086	0.0996957431	0.3057268006	-0.0880981235	-0.2886881106	-0.0930699754	-0.1368040602	0.1320348856	0.1786718697	0.0182500584	0.0050131336	-0.0551654924	-0.1787289124	0.316778177	0.2010967485	-0.0514451704	0.0250374467	-0.0559954323	0.0334182396	0.322265573	0.0231345603	0.0218965	0.0152014499999999	0.00047945671225	0.0002310840821024	-0.18445	-0.0962805000000001	0.00926993468025	0.0340218025	0.00327398	-0.02325252	0.0005406796863504	1.07189450404e-05	0.00046855	0.000826364	2.1953910250000002e-07	6.82877460496e-07	0.000136652	-3.0108000000000017e-05	1.8673769104e-08	9.06491664000001e-10	0.0004536	0.000121805	2.0575296000000002e-07	1.4836458025e-08	0.0	0.0	0.0	0.0	0.0	0.0	0.0	0.0	0.0	0.0	0.0	0.0	0.0	0.0	0.0	0.0	1.080661685	-0.4897885395	0.7376049728	-1.568464873	0.1557076247	0.7918370858	-0.6196767254
651.6064449740319	-2.698054387608522	424590.959131696	7.279497478493598	1237.2543682504477	3.067933697326225	9.412217171189765	1530798.3717548144	638.7594457090273	-0.7509172956563361	0.5638767849158254	408013.6294825038	770.3640852033653	272.2964773378275	1.896065	83.046829	0.1890369959999999	0.140471	0.1363611687	-0.0222788235	0.3118403255	-0.1027544027	0.1119694913	-0.0663279867	-0.4021070943	0.2280604993	0.0127104611	-0.3411149558	0.4113117349	0.1418716984	0.0019353896	0.1493814023	0.001547901	-0.2248509919	-0.4317630776	-0.1296908286	0.2316667203	0.046938028	0.1130348485	-0.0217455559	-0.000210981	-0.022107481	4.4512982361e-08	0.0004887407161653	-0.0475974	0.1368526	0.0187286341267599	0.00226551248676	-0.00105586	-0.00432984	1.87475144256e-05	1.1148403396e-06	0.000115726	-0.0003528239999999	1.3392507076e-08	1.2448477497599998e-07	-2.54655e-05	-0.0001621175	6.484916902499998e-10	2.6282083806249995e-08	0.0004536	0.0	2.0575296000000002e-07	0.0	0.0	0.0	0.0	0.0	0.0	0.0	0.0	0.0	0.0	0.0	0.0	1.0	0.0	0.0	0.0	0.0	1.297092051	0.4155040743	-0.8948945212	1.110215095	0.2906183686	-1.101116024	-0.7054449688
653.2010879359326	1.5946429619007176	426671.661280686	2.5428861759394934	1237.908087678264	0.6537194278164407	0.4273490903046545	1532416.433539257	639.34733043229	0.5878847232627322	0.3456084478456993	408765.0089308959	770.3943918676842	350.106615597018	1.584191	69.386871	0.048946368	0.0432469	0.1960013299	0.0959790614	-0.1478422632	-0.2783623912	0.246731353	0.0420313208	0.0318935275	-0.1462768556	-0.0691465793	0.3604680772	-0.1260363909	0.1680216619	-0.3882672026	0.390236293	0.0070183298	-0.3133026057	0.2300556538	0.0697001126	-0.1039962161	0.0166690436	0.0840294279	0.0896096711	0.00283392	0.003044901	8.0311025664e-06	9.271422099801e-06	-0.090686	-0.0430886	0.00185662744996	0.008223950596	0.000109266	0.001165126	1.357518595876e-06	1.1939058756e-08	0.000115726	0.0	1.3392507076e-08	0.0	7.48932e-06	3.295482e-05	5.60899140624e-11	1.0860201612323999e-09	0.0004536	0.0	2.0575296000000002e-07	0.0	0.0	0.0	0.0	0.0	0.0	0.0	0.0	0.0	0.0	0.0	0.0	0.0	1.0	0.0	0.0	0.0	-0.6694756167	0.102091313	-1.045546765	-0.8493547616	-0.4927743192	0.2671699325	0.005094829057
655.4085601905953	2.2074722546626617	429560.38077110914	4.872933755105455	1240.9355665646224	3.027478886358267	9.165628407345093	1539921.0803650604	640.2174421492094	0.8701117169193822	0.7570943999203951	409878.3732320764	775.6882284648469	320.7601638907292	4.13652	181.17775	0.044766175	0.0215041	-0.2212558628	0.0847493657	-0.2486780745	0.0098633766	-0.2805020564	0.0559638053	-0.167868584	-0.2548431023	0.1154780855	0.0458719205	-0.0056330646	-0.2379270067	0.2153807791	0.0955965463	-0.047982467	0.1506870962	0.1394905819	-0.2020195985	0.1011126364	0.0571134058	-0.0132795804	-0.2426539324	0.0129192	0.01008528	0.00016690572864	0.0001017128726784	-0.0957945	-0.0051085	2.609677225000002e-05	0.00917658623025	-0.0177358	-0.017845066	0.0003184463805443	0.0003145586016399	6.69381e-05	-4.87879e-05	4.4807092316099995e-09	2.3802591864100003e-09	1.3897e-05	6.407679999999999e-06	1.9312660899999998e-10	4.105836298239999e-11	0.000274249	-0.000179351	7.5212514001e-08	3.2166781201000004e-08	0.0	0.0	0.0	0.0	0.0	0.0	0.0	0.0	0.0	0.0	0.0	0.0	0.0	1.0	0.0	0.0	0.2548646194	0.08898694874	1.370065646	-0.6777971467	0.9399338498	-1.685617539	0.6096409295
653.7124116811594	-1.6961485094358295	427339.9171859977	2.8769197660613863	1244.0616718168296	3.126105252207253	9.772534047877777	1547689.443283685	639.6295574259468	-0.5878847232626185	0.3456084478455656	409125.9707329126	776.1826863905677	268.8110281824469	1.544935	67.667473	0.0735772549999999	0.034303	-0.1584647589	0.0059650663	-0.0192762467	0.014353179	0.1332266056	0.0745012126	0.13505095	-0.1489785764	-0.0898689419	-0.0885927944	0.3929628937	0.1604498124	0.0348119197	0.0684869706	-0.0054504754	-0.0144061804	0.0226871354	-0.1805268534	-0.1398476145	-0.1837830839	-0.2053483103	0.1505603841	-0.00566256	-0.01858176	3.20645857536e-05	0.0003452818046975	-0.113087	-0.0172924999999999	0.0002990305562499	0.0127886695689999	-0.0100497	0.0076860999999999	5.907613320999999e-05	0.00010099647009	0.000157113	9.017490000000002e-05	2.4684494769000004e-08	8.131512590010002e-09	0.000277261	0.000263364	7.6873662121e-08	6.936059649599999e-08	2.745e-05	-0.000246799	7.535025e-10	6.090974640100002e-08	0.0	0.0	0.0	0.0	0.0	0.0	0.0	0.0	0.0	0.0	0.0	0.0	0.0	0.0	1.0	0.0	0.195899438	-0.6964721553	0.4329794733	1.395749837	-0.1577860243	0.8587337119	-0.7138412948
655.0112651069485	1.2988534257890478	429039.75741700514	1.6870202216839456	1241.7602004631317	-2.3014713536979343	5.296770391892203	1541968.395454237	640.2765480702163	0.6469906442695219	0.418596893772291	409954.0580087121	775.5589467067796	320.80360595776864	1.542692	67.569244	0.066825355	0.0299316	-0.221298765	0.0790511197	-0.4037595546	-0.1289554978	-0.05718033	0.1519150728	0.1845253658	-0.1098827762	0.0252500208	0.0223828742	0.2677855957	0.2161777988	-0.1699721972	-0.5001146172	-0.0365567755	-0.0992371128	0.4118024331	0.0289788588	0.0827182543	0.0171846636	-0.1694840128	0.1915465595	0.0192532	0.02491576	0.00037068571024	0.0006207950963776	-0.104888	0.0081989999999999	6.722360099999996e-05	0.011001492544	-0.0156925	-0.0056428	3.184119184000002e-05	0.00024625455625	-4.84529e-05	-0.0002055659	2.34768351841e-09	4.2257339242810006e-08	3.54368e-05	-0.0002418242	1.2557667942399999e-09	5.847894370564e-08	-8.651579999999998e-05	-0.0001139657999999	7.484983649639997e-09	1.2988203569639996e-08	0.0	0.0	0.0	0.0	0.0	0.0	0.0	0.0	0.0	0.0	0.0	0.0	0.0	0.0	0.0	1.0	-0.3339175112	-1.324600156	-0.9243424745	-0.7987182994	0.3802882313	0.08652797363	0.513935121
656.1466315381479	1.1353664311993723	430528.402078858	1.2890569330943995	1241.175642655939	-0.5845578071925956	0.3417078299498158	1540516.9759223834	639.8871821468572	-0.3893659233591506	0.1516058222733239	409455.6058758452	775.168561379196	321.3572334043431	0.474882	20.799631	0.04065652	0.0231978	-0.2216935761	0.0828684278	-0.352021519	0.0869898709	-0.2630728271	0.1248418781	-0.1324082646	-0.0892950733	-0.5470855437	-0.1243211834	-0.0852168577	0.0253646384	0.3221484937	-0.0644434443	0.0008198559	0.2299675257	0.2239335831	-0.2228465515	0.2180673737	0.0565727037	-0.3204504323	-0.3218714102	0.0211747	0.0019214999999999	0.00044836792009	3.6921622499999984e-06	-0.102108	0.0027799999999999	7.72839999999995e-06	0.010426043664	-0.0242719	-0.0085793999999999	7.360610435999996e-05	0.00058912512961	0.000278108	0.0003265609	7.7344059664e-08	1.0664202140881003e-07	-5.20627e-05	-8.74995e-05	2.7105247312899998e-09	7.65616250025e-09	4.69362e-05	0.000133452	2.20300687044e-09	1.7809436304e-08	0.0	0.0	0.0	0.0	0.0	0.0	0.0	0.0	0.0	0.0	0.0	0.0	0.0	0.0	0.0	0.0	0.5792593667	-0.614245452	1.492456682	-0.4075102819	1.091530824	-1.492303745	1.364927197
656.2616272102773	0.1149956721294529	430679.323348681	0.0132240046085046	1240.4482139940878	-0.7274286618512633	0.5291524580827196	1538711.7716011223	639.2319529534959	-0.6552291933612651	0.429325295832854	408617.4896767404	774.1011996325686	320.6560555493925	0.468184	20.506256	0.05096803	0.0301322	-0.2211579708	0.1455675748	-0.171021965	0.2743216972	0.0917004573	-0.1325654575	0.1300518078	-0.267550388	-0.0529409201	0.0149281837	0.1331167913	0.1743655393	0.1247968899	-0.2287080305	0.2148734533	0.148714746	0.1586507036	-0.3034375366	-0.1445957965	-0.1551642784	-0.1784739689	0.2315373273	0.0141432	-0.0070315	0.00020003010624	4.9441992250000016e-05	-0.110139	-0.0080309999999999	6.449696099999994e-05	0.012130599321	-0.0441075	-0.0198356	0.00039345102736	0.00194547155625	0.000562084	0.000283976	3.15938423056e-07	8.0642368576e-08	-8.94852e-05	-3.74225e-05	8.00760101904e-09	1.4004435062500002e-09	4.69363e-05	1.0000000000021927e-10	2.20301625769e-09	1.0000000000043852e-20	0.0	0.0	0.0	0.0	0.0	0.0	0.0	0.0	0.0	0.0	0.0	0.0	0.0	0.0	0.0	0.0	1.760957644	-0.8554852698	0.6597570863	0.102477712	-1.217398177	1.663693194	0.4211884737
656.599355098941	0.3377278886637214	431122.7131163453	0.1140601267812549	1241.216192208853	0.7679782147652077	0.5897905383539555	1540617.6358014443	640.2458991559347	1.013946202438774	1.0280869014400111	409914.8113859913	774.8556824749998	320.722608578069	0.433774	18.999119	0.061634971	0.0291209	-0.2212204796	0.0907047941	0.1863158708	-0.0096441557	-0.0016241573	0.1591251285	0.1886332629	0.012485552	0.3032048383	-0.1295288931	-0.0320428416	0.3951440289	0.4954585933	0.261243373	0.0753151933	-0.1413030912	-0.2156075082	-0.2282334045	0.3042497576	0.1541026776	-0.3168146365	0.2892092932	0.0162409	0.0020976999999999	0.0002637668328099	4.400345289999996e-06	-0.0879403	0.0221987	0.00049278228169	0.00773349636409	-0.0532624	-0.0091549	8.381219401e-05	0.00283688325376	0.000327255	-0.000234829	1.0709583502499998e-07	5.5144659241000027e-08	1.24692e-06	9.073212e-05	1.5548094864e-12	8.2323175996944e-09	-0.000191176	-0.0002381122999999	3.6548262976e-08	5.669746741129e-08	0.0	0.0	0.0	0.0	0.0	0.0	0.0	0.0	0.0	0.0	0.0	0.0	0.0	0.0	0.0	0.0	1.888817224	-0.6842760322	-0.6438872927	1.630298863	-0.9020229435	-0.7935123872	0.7622081807